{"cameraMode":{"drawMode":0,"name":"Shaded","section":"Shading Mode"},"sceneLighting":true,"audioPlay":false,"sceneViewState":{"showFog":true,"showMaterialUpdate":false,"showSkybox":true,"showFlares":true,"showImageEffects":true,"showParticleSystems":true},"in2DMode":false,"pivot":{"x":7.106328010559082,"y":3.7185256481170656,"z":10.414912223815918},"rotation":{"x":-0.07925546169281006,"y":0.10803849995136261,"z":-0.008640876039862633,"w":-0.9909449815750122},"size":22.0,"orthographic":false}